"SYMBOL","COMPANY NAME","SERIES","PURPOSE","FACE VALUE","EX-DATE","RECORD DATE","BOOK CLOSURE START DATE","BOOK CLOSURE END DATE"
"STERLITIND","Sterlite Industries (India) Limited","EQ","Capital Red./Demerger","5","27-Sep-2000","-","09-Oct-2000","12-Oct-2000"
"GTL","GTL Limited","EQ","Scheme Of Demerger","10","07-Jul-2006","14-Jul-2006","-","-"
"UNITDSPR","United Spirits Limited","EQ","Sch Of Arngment-Demerger","2","17-Oct-2006","26-Oct-2006","-","-"
"MANINDS","Man Industries (India) Limited","EQ","Scheme Of Demerger","5","13-Apr-2007","20-Apr-2007","-","-"
"GABRIEL","Gabriel India Limited","EQ","Sch Of Arngmnt-Demerger  Rd Revised","1","16-Aug-2007","24-Aug-2007","-","-"
"JUBLPHARMA","Jubilant Pharmova Limited","EQ","Scheme Of Demerger","1","25-Nov-2010","26-Nov-2010","-","-"
"ZUARIIND","ZUARI INDUSTRIES LIMITED","EQ","Scheme Of Arrangement And Demerger","10","09-Apr-2012","10-Apr-2012","-","-"
"JINDALPOLY","Jindal Poly Films Limited","EQ","Scheme Of Demerger","10","17-Jul-2013","18-Jul-2013","-","-"
"POLARIS","POLARIS CONSULTING & SERVICES LIMITED","EQ","Scheme Of Arrangement Cum Demerger","5","09-Oct-2014","10-Oct-2014","-","-"
"GREENPLY","Greenply Industries Limited","EQ","Scheme Of Demerger","1","26-Nov-2014","27-Nov-2014","-","-"
"ASAHISONG","Asahi Songwon Colors Limited","EQ","Demerger","10","02-Feb-2015","03-Feb-2015","-","-"
"SFCL","Star Ferro and Cement Limited","EQ","Demerger","1","23-Apr-2015","24-Apr-2015","-","-"
"IDFC","IDFC Limited","H1"," Demerger","5000","29-Sep-2015","-","01-Oct-2015","08-Oct-2015"
"IDFC","IDFC Limited","H9"," Demerger","5000","29-Sep-2015","-","01-Oct-2015","08-Oct-2015"
"IDFC","IDFC Limited","H8"," Demerger","5000","29-Sep-2015","-","01-Oct-2015","08-Oct-2015"
"IDFC","IDFC Limited","H7"," Demerger","5000","29-Sep-2015","-","01-Oct-2015","08-Oct-2015"
"IDFC","IDFC Limited","H6"," Demerger","5000","29-Sep-2015","-","01-Oct-2015","08-Oct-2015"
"IDFC","IDFC Limited","H5"," Demerger","5000","29-Sep-2015","-","01-Oct-2015","08-Oct-2015"
"IDFC","IDFC Limited","H4"," Demerger","5000","29-Sep-2015","-","01-Oct-2015","08-Oct-2015"
"IDFC","IDFC Limited","H3"," Demerger","5000","29-Sep-2015","-","01-Oct-2015","08-Oct-2015"
"IDFC","IDFC Limited","H2"," Demerger","5000","29-Sep-2015","-","01-Oct-2015","08-Oct-2015"
"IDFC","IDFC Limited","HE"," Demerger","5000","29-Sep-2015","-","01-Oct-2015","08-Oct-2015"
"IDFC","IDFC Limited","HD"," Demerger","5000","29-Sep-2015","-","01-Oct-2015","08-Oct-2015"
"IDFC","IDFC Limited","HC"," Demerger","5000","29-Sep-2015","-","01-Oct-2015","08-Oct-2015"
"IDFC","IDFC Limited","HB"," Demerger","5000","29-Sep-2015","-","01-Oct-2015","08-Oct-2015"
"IDFC","IDFC Limited","HA"," Demerger","5000","29-Sep-2015","-","01-Oct-2015","08-Oct-2015"
"IDFC","IDFC Limited","EQ"," Demerger","10","01-Oct-2015","05-Oct-2015","-","-"
"MOHITIND","Mohit Industries Limited","EQ"," Scheme Of Arrangement In The Nature Of Demerger","10","30-Mar-2016","31-Mar-2016","-","-"
"MANDHANA","Mandhana Industries Limited","EQ"," Scheme Of Demerger","10","22-Sep-2016","23-Sep-2016","-","-"
"AURIONPRO","Aurionpro Solutions Limited","EQ"," Scheme Of Demerger","10","14-Aug-2018","17-Aug-2018","-","-"
"COX&KINGS","Cox & Kings Limited","EQ"," Scheme Of Demerger","5","25-Oct-2018","26-Oct-2018","-","-"
"VIKASECO","Vikas EcoTech Limited","EQ"," Scheme Of Arrangement Of Demerger","1","19-Nov-2018","21-Nov-2018","-","-"
"ARVIND","Arvind Limited","EQ"," Demerger","10","28-Nov-2018","29-Nov-2018","-","-"
"HTMEDIA","HT Media Limited","EQ"," Demerger","2","09-Apr-2019","10-Apr-2019","-","-"
"PRAKASH","Prakash Industries Limited","EQ"," Demerger","10","23-Apr-2019","24-Apr-2019","-","-"
"DCM","DCM  Limited","EQ"," Demerger","10","30-May-2019","31-May-2019","-","-"
"AARTIIND","Aarti Industries Limited","EQ"," Scheme Of Demerger","5","03-Jul-2019","04-Jul-2019","-","-"
"TTML","Tata Teleservices (Maharashtra) Limited","EQ"," De-Merger","10","11-Jul-2019","12-Jul-2019","-","-"
"GREENPLY","Greenply Industries Limited","EQ"," Demerger","1","12-Jul-2019","15-Jul-2019","-","-"
"GFLLIMITED","GFL Limited","EQ"," Demerger","1","06-Aug-2019","07-Aug-2019","-","-"
"AGI","AGI Greenpac Limited","EQ"," Demerger","2","19-Aug-2019","20-Aug-2019","-","-"
"ALEMBICLTD","Alembic Limited","EQ"," Demerger","2","26-Aug-2019","27-Aug-2019","-","-"
"TATACOMM","Tata Communications Limited","EQ"," Demerger","10","17-Sep-2019","18-Sep-2019","-","-"
"ABREL","Aditya Birla Real Estate Limited","EQ"," Demerger","10","11-Oct-2019","14-Oct-2019","-","-"
"THOMASCOOK","Thomas Cook  (India)  Limited","EQ"," Demerger","1","05-Dec-2019","06-Dec-2019","-","-"
"ABB","ABB India Limited","EQ"," Demerger","2","20-Dec-2019","23-Dec-2019","-","-"
"KESORAMIND","Kesoram Industries Limited","EQ"," Demerger","10","24-Dec-2019","26-Dec-2019","-","-"
"JINDALPOLY","Jindal Poly Films Limited","EQ"," Demerger","10","30-Dec-2019","31-Dec-2019","-","-"
"SUVEN","Suven Life Sciences Limited","EQ"," Demerger","1","21-Jan-2020","22-Jan-2020","-","-"
"ARCHIDPLY","Archidply Industries Limited","EQ"," Demerger","10","13-Feb-2020","14-Feb-2020","-","-"
"TATACHEM","Tata Chemicals Limited","EQ"," Demerger","10","04-Mar-2020","05-Mar-2020","-","-"
"BORORENEW","BOROSIL RENEWABLES LIMITED","EQ"," Demerger","1","06-Mar-2020","09-Mar-2020","-","-"
"SHARDAMOTR","Sharda Motor Industries Limited","EQ"," Demerger","2","26-Mar-2020","27-Mar-2020","-","-"
"PRIVISCL","Privi Speciality Chemicals Limited","EQ"," Demerger","10","21-Aug-2020","24-Aug-2020","-","-"
"PANACEABIO","Panacea Biotec Limited","EQ"," Demerger","1","21-Sep-2020","22-Sep-2020","-","-"
"MANINDS","Man Industries (India) Limited","EQ"," Demerger","5","24-Sep-2020","25-Sep-2020","-","-"
"ANANTRAJ","Anant Raj Limited","EQ"," Demerger","2","06-Oct-2020","07-Oct-2020","-","-"
"DEEPENR","DEEP ENERGY RESOURCES LIMITED","EQ"," Demerger","10","10-Nov-2020","11-Nov-2020","-","-"
"CCAVENUE","AvenuesAI Limited","EQ"," Demerger","1","10-Dec-2020","11-Dec-2020","-","-"
"JUBLPHARMA","Jubilant Pharmova Limited","EQ"," Demerger","1","04-Feb-2021","05-Feb-2021","-","-"
"GFLLIMITED","GFL Limited","EQ"," Demerger","1","26-Mar-2021","30-Mar-2021","-","-"
"MEGH","Meghmani Organics Limited","EQ"," Merger/Demerger","1","18-May-2021","19-May-2021","-","-"
"GMRAIRPORT","GMR AIRPORTS LIMITED","EQ","Demerger","1","11-Jan-2022","12-Jan-2022","-","-"
"MOTHERSON","Samvardhana Motherson International Limited","EQ","Demerger","1","14-Jan-2022","17-Jan-2022","-","-"
"ARSHIYA","Arshiya Limited","EQ","Demerger","2","03-Mar-2022","04-Mar-2022","-","-"
"DHAMPURSUG","Dhampur Sugar Mills Limited","EQ","Demerger","10","13-May-2022","17-May-2022","-","-"
"TIPSMUSIC","Tips Music Limited","EQ","Demerger","1","19-May-2022","21-May-2022","-","-"
"PEL","Piramal Enterprises Limited","EQ","Demerger","2","30-Aug-2022","01-Sep-2022","-","-"
"IBULLSLTD","Indiabulls Limited","EQ","Demerger","2","01-Sep-2022","02-Sep-2022","-","-"
"KAMDHENU","Kamdhenu Limited","EQ","Demerger","1","06-Sep-2022","07-Sep-2022","-","-"
"BEML","BEML Limited","EQ","Demerger","5","08-Sep-2022","09-Sep-2022","-","-"
"AHLEAST","Asian Hotels (East) Limited","EQ","Demerger","10","06-Oct-2022","07-Oct-2022","-","-"
"AARTIIND","Aarti Industries Limited","EQ","Demerger","5","19-Oct-2022","20-Oct-2022","-","-"
"NMDC","NMDC Limited","EQ","Demerger","1","27-Oct-2022","28-Oct-2022","-","-"
"NDLVENTURE","NDL Ventures Limited","EQ","Demerger","10","22-Nov-2022","23-Nov-2022","-","-"
"MIRZAINT","Mirza International Limited","EQ","Demerger","2","29-Mar-2023","29-Mar-2023","-","-"
"SCI","Shipping Corporation Of India Limited","EQ","Demerger","10","31-Mar-2023","31-Mar-2023","-","-"
"GHCL","GHCL Limited","EQ","Demerger","10","06-Apr-2023","08-Apr-2023","-","-"
"ALLCARGO","Allcargo Logistics Limited","EQ","Demerger","2","18-Apr-2023","18-Apr-2023","-","-"
"EDELWEISS","Edelweiss Financial Services Limited","EQ","Demerger","1","02-Jun-2023","02-Jun-2023","-","-"
"NIITLTD","NIIT Limited","EQ","Demerger","2","08-Jun-2023","08-Jun-2023","-","-"
"VAKRANGEE","Vakrangee Limited","EQ","Demerger","1","15-Jun-2023","15-Jun-2023","-","-"
"RELIANCE","Reliance Industries Limited","EQ","Demerger","10","20-Jul-2023","20-Jul-2023","-","-"
"SAREGAMA","Saregama India Limited","EQ","Demerger","1","27-Jul-2023","27-Jul-2023","-","-"
"TVSHLTD","TVS Holdings Limited","EQ","Demerger","5","24-Aug-2023","24-Aug-2023","-","-"
"JHS","JHS Svendgaard Laboratories Limited","EQ","Demerger","10","11-Sep-2023","11-Sep-2023","-","-"
"BAJAJELEC","Bajaj Electricals Limited","EQ","Demerger","2","14-Sep-2023","14-Sep-2023","-","-"
"BOROLTD","Borosil Limited","EQ","Demerger","1","05-Dec-2023","05-Dec-2023","-","-"
"MHLXMIRU","Mahalaxmi Rubtech Limited","EQ","Demerger","10","19-Apr-2024","19-Apr-2024","-","-"
"SEMAC","Semac Construction Limited","EQ","Demerger","10","03-May-2024","03-May-2024","-","-"
"UEL","Ujaas Energy Limited","EQ","Demerger","1","22-May-2024","22-May-2024","-","-"
"SANOFI","Sanofi India Limited","EQ","Demerger","10","13-Jun-2024","13-Jun-2024","-","-"
"OCCL","Oriental Carbon & Chemicals Limited","EQ","Demerger","10","01-Jul-2024","01-Jul-2024","-","-"
"RAYMOND","Raymond Limited","EQ","Demerger","10","11-Jul-2024","11-Jul-2024","-","-"
"AJMERA","Ajmera Realty & Infra India Limited","EQ","Demerger","2","02-Aug-2024","02-Aug-2024","-","-"
"CCAVENUE","AvenuesAI Limited","EQ","Demerger","1","11-Sep-2024","11-Sep-2024","-","-"
"ROSSELLIND","Rossell India Limited","EQ","Demerger","2","20-Sep-2024","20-Sep-2024","-","-"
"HERCULES","HERCULES INVESTMENTS LIMITED","EQ","Demerger","1","11-Oct-2024","11-Oct-2024","-","-"
"STAR","Strides Pharma Science Limited","EQ","Demerger","10","06-Dec-2024","06-Dec-2024","-","-"
"ITC","ITC Limited","EQ","Demerger","1","06-Jan-2025","06-Jan-2025","-","-"
"KESORAMIND","Kesoram Industries Limited","EQ","Demerger","10","10-Mar-2025","10-Mar-2025","-","-"
"SIEMENS","Siemens Limited","EQ","Demerger","2","07-Apr-2025","07-Apr-2025","-","-"
"QUESS","Quess Corp Limited","EQ","Demerger","10","15-Apr-2025","15-Apr-2025","-","-"
"STLTECH","Sterlite Technologies Limited","EQ","Demerger","2","24-Apr-2025","24-Apr-2025","-","-"
"CPCAP","CP Capital Limited","EQ","Demerger","10","09-May-2025","09-May-2025","-","-"
"CHEMBOND","Chembond Material Technologies Limited","EQ","Demerger","5","09-May-2025","09-May-2025","-","-"
"RAYMOND","Raymond Limited","EQ","Demerger","10","14-May-2025","14-May-2025","-","-"
"ABFRL","Aditya Birla Fashion and Retail Limited","EQ","Demerger","10","22-May-2025","22-May-2025","-","-"
"KHADIM","Khadim India Limited","EQ","Demerger","10","06-Jun-2025","07-Jun-2025","-","-"
"DBREALTY","Valor Estate Limited","EQ","Demerger","10","18-Jul-2025","18-Jul-2025","-","-"
"SHANKARA","Shankara Building Products Limited","EQ","Demerger","10","24-Sep-2025","24-Sep-2025","-","-"
"TMPV","Tata Motors Passenger Vehicles Limited","EQ","Demerger","2","14-Oct-2025","14-Oct-2025","-","-"
"SKFINDIA","SKF India Limited","EQ","Demerger","10","15-Oct-2025","15-Oct-2025","-","-"
"DALMIASUG","Dalmia Bharat Sugar and Industries Limited","EQ","Demerger","2","31-Oct-2025","31-Oct-2025","-","-"
"ALLCARGO","Allcargo Logistics Limited","EQ","Demerger","2","12-Nov-2025","12-Nov-2025","-","-"
"HINDUNILVR","Hindustan Unilever Limited","EQ","Demerger","1","05-Dec-2025","05-Dec-2025","-","-"
"DCMSRIND","DCM Shriram Industries Limited","EQ","Demerger","2","26-Dec-2025","26-Dec-2025","-","-"
"GENUSPOWER","Genus Power Infrastructures Limited","EQ","Demerger","1","06-Feb-2026","06-Feb-2026","-","-"
"VEDL","Vedanta Limited","EQ","Demerger","1","30-Apr-2026","01-May-2026","-","-"
"GUJENERGY","GUJARAT ENERGY LIMITED","EQ","Demerger","2","02-Jul-2026","02-Jul-2026","-","-"
"TRIVENI","Triveni Engineering & Industries Limited","EQ","Demerger","1","22-Jul-2026","22-Jul-2026","-","-"
"INOXGREEN","Inox Green Energy Services Limited","EQ","Demerger","10","31-Jul-2026","01-Aug-2026","-","-"
"INDIAGLYCO","India Glycols Limited","EQ","Demerger","5","02-Sep-2026","02-Sep-2026","-","-"
"HEGAM","HEG Advanced Materials Limited","EQ","Demerger","2","07-Sep-2026","07-Sep-2026","-","-"